Id_Index;ExecTime(s);Mutant
1;43;ORIGINAL_PROGRAM
2;44;PackageReceiver_0_RandomActionIntentDefinitionOperatorMutator
3;44;PackageReceiver_1_RandomActionIntentDefinitionOperatorMutator
4;44;FtpTileService_0_RandomActionIntentDefinitionOperatorMutator
5;44;FtpTileService_1_NullValueIntentPutExtraOperatorMutator
6;44;FtpTileService_2_IntentPayloadReplacementOperatorMutator
7;44;FtpTileService_3_RandomActionIntentDefinitionOperatorMutator
8;45;ExtractService_0_LengthyGUICreationOperatorMutator
9;44;ExtractService_1_RandomActionIntentDefinitionOperatorMutator
10;44;ExtractService_2_NullIntentOperatorMutator
11;44;ExtractService_3_InvalidKeyIntentOperatorMutator
12;44;ExtractService_4_RandomActionIntentDefinitionOperatorMutator
13;44;ExtractService_5_RandomActionIntentDefinitionOperatorMutator
14;44;ExtractService_6_NullValueIntentPutExtraOperatorMutator
15;43;ExtractService_7_IntentPayloadReplacementOperatorMutator
16;44;ExtractService_8_RandomActionIntentDefinitionOperatorMutator
17;43;ExtractService_9_NullIntentOperatorMutator
18;44;ExtractService_10_InvalidKeyIntentOperatorMutator
19;44;ExtractService_11_RandomActionIntentDefinitionOperatorMutator
20;44;ExtractService_12_InvalidViewFocusOperatorMutator
21;44;ExtractService_13_ViewComponentNotVisibleOperatorMutator
22;44;ExtractService_14_NullIntentOperatorMutator
23;44;ExtractService_15_InvalidKeyIntentOperatorMutator
24;43;ExtractService_16_RandomActionIntentDefinitionOperatorMutator
25;43;ExtractService_17_NullValueIntentPutExtraOperatorMutator
26;43;ExtractService_18_IntentPayloadReplacementOperatorMutator
27;44;ExtractService_19_RandomActionIntentDefinitionOperatorMutator
28;44;AbstractProgressiveService_0_LengthyGUICreationOperatorMutator
29;43;AbstractProgressiveService_1_BinaryMutator
30;44;AbstractProgressiveService_2_BinaryMutator
31;44;AbstractProgressiveService_3_NullIntentOperatorMutator
32;44;AbstractProgressiveService_4_InvalidKeyIntentOperatorMutator
33;44;AbstractProgressiveService_5_RandomActionIntentDefinitionOperatorMutator
34;43;AbstractProgressiveService_6_NullValueIntentPutExtraOperatorMutator
35;44;AbstractProgressiveService_7_IntentPayloadReplacementOperatorMutator
36;44;AbstractProgressiveService_8_RandomActionIntentDefinitionOperatorMutator
37;44;AbstractProgressiveService_9_NullValueIntentPutExtraOperatorMutator
38;44;AbstractProgressiveService_10_IntentPayloadReplacementOperatorMutator
39;44;AbstractProgressiveService_11_RandomActionIntentDefinitionOperatorMutator
40;44;AbstractProgressiveService_12_NullIntentOperatorMutator
41;44;AbstractProgressiveService_13_InvalidKeyIntentOperatorMutator
42;44;AbstractProgressiveService_14_RandomActionIntentDefinitionOperatorMutator
43;43;AbstractProgressiveService_15_NullValueIntentPutExtraOperatorMutator
44;44;AbstractProgressiveService_16_IntentPayloadReplacementOperatorMutator
45;44;AbstractProgressiveService_17_RandomActionIntentDefinitionOperatorMutator
46;44;CopyService_0_LengthyGUICreationOperatorMutator
47;44;CopyService_1_RandomActionIntentDefinitionOperatorMutator
48;43;CopyService_2_NullIntentOperatorMutator
49;44;CopyService_3_InvalidKeyIntentOperatorMutator
50;44;CopyService_4_RandomActionIntentDefinitionOperatorMutator
51;44;CopyService_5_RandomActionIntentDefinitionOperatorMutator
52;44;CopyService_6_RandomActionIntentDefinitionOperatorMutator
53;44;CopyService_7_NullValueIntentPutExtraOperatorMutator
54;43;CopyService_8_IntentPayloadReplacementOperatorMutator
55;44;CopyService_9_RandomActionIntentDefinitionOperatorMutator
56;43;CopyService_10_NullIntentOperatorMutator
57;43;CopyService_11_InvalidKeyIntentOperatorMutator
58;44;CopyService_12_RandomActionIntentDefinitionOperatorMutator
59;44;CopyService_13_NullIntentOperatorMutator
60;44;CopyService_14_InvalidKeyIntentOperatorMutator
61;44;CopyService_15_RandomActionIntentDefinitionOperatorMutator
62;44;CopyService_16_NullValueIntentPutExtraOperatorMutator
63;43;CopyService_17_IntentPayloadReplacementOperatorMutator
64;43;CopyService_18_RandomActionIntentDefinitionOperatorMutator
65;44;EncryptService_0_LengthyGUICreationOperatorMutator
66;43;EncryptService_1_RandomActionIntentDefinitionOperatorMutator
67;43;EncryptService_2_NullIntentOperatorMutator
68;43;EncryptService_3_InvalidKeyIntentOperatorMutator
69;44;EncryptService_4_RandomActionIntentDefinitionOperatorMutator
70;44;EncryptService_5_RandomActionIntentDefinitionOperatorMutator
71;44;EncryptService_6_RandomActionIntentDefinitionOperatorMutator
72;44;EncryptService_7_NullValueIntentPutExtraOperatorMutator
73;43;EncryptService_8_IntentPayloadReplacementOperatorMutator
74;44;EncryptService_9_RandomActionIntentDefinitionOperatorMutator
75;44;EncryptService_10_NullIntentOperatorMutator
76;44;EncryptService_11_InvalidKeyIntentOperatorMutator
77;44;EncryptService_12_RandomActionIntentDefinitionOperatorMutator
78;43;EncryptService_13_NullIntentOperatorMutator
79;43;EncryptService_14_InvalidKeyIntentOperatorMutator
80;43;EncryptService_15_RandomActionIntentDefinitionOperatorMutator
81;44;EncryptService_16_NullValueIntentPutExtraOperatorMutator
82;44;EncryptService_17_IntentPayloadReplacementOperatorMutator
83;44;EncryptService_18_RandomActionIntentDefinitionOperatorMutator
84;44;DecryptService_0_LengthyGUICreationOperatorMutator
85;44;DecryptService_1_RandomActionIntentDefinitionOperatorMutator
86;43;DecryptService_2_NullIntentOperatorMutator
87;44;DecryptService_3_InvalidKeyIntentOperatorMutator
88;44;DecryptService_4_RandomActionIntentDefinitionOperatorMutator
89;43;DecryptService_5_RandomActionIntentDefinitionOperatorMutator
90;44;DecryptService_6_RandomActionIntentDefinitionOperatorMutator
91;43;DecryptService_7_NullValueIntentPutExtraOperatorMutator
92;44;DecryptService_8_IntentPayloadReplacementOperatorMutator
93;44;DecryptService_9_RandomActionIntentDefinitionOperatorMutator
94;44;DecryptService_10_NullIntentOperatorMutator
95;44;DecryptService_11_InvalidKeyIntentOperatorMutator
96;43;DecryptService_12_RandomActionIntentDefinitionOperatorMutator
97;44;DecryptService_13_NullIntentOperatorMutator
98;44;DecryptService_14_InvalidKeyIntentOperatorMutator
99;44;DecryptService_15_RandomActionIntentDefinitionOperatorMutator
100;43;DecryptService_16_NullValueIntentPutExtraOperatorMutator
101;44;DecryptService_17_IntentPayloadReplacementOperatorMutator
102;44;DecryptService_18_RandomActionIntentDefinitionOperatorMutator
103;44;CalculateHashCallback_0_BinaryMutator
104;44;LoadFolderSpaceDataTask_0_BinaryMutator
105;44;LoadFolderSpaceDataTask_1_BinaryMutator
106;44;DeleteTask_0_NullIntentOperatorMutator
107;44;DeleteTask_1_InvalidKeyIntentOperatorMutator
108;43;DeleteTask_2_RandomActionIntentDefinitionOperatorMutator
109;44;DeleteTask_3_NullValueIntentPutExtraOperatorMutator
110;44;DeleteTask_4_IntentPayloadReplacementOperatorMutator
111;44;DeleteTask_5_RandomActionIntentDefinitionOperatorMutator
112;45;LoadFilesListTask_0_BuggyGUIListenerOperatorMutator
113;45;LoadFilesListTask_1_BinaryMutator
114;44;LoadFilesListTask_2_BinaryMutator
115;44;LoadFilesListTask_3_BinaryMutator
116;44;LoadFilesListTask_4_BinaryMutator
117;45;LoadFilesListTask_5_RandomActionIntentDefinitionOperatorMutator
118;45;ServiceWatcherUtil_0_RandomActionIntentDefinitionOperatorMutator
119;43;ServiceWatcherUtil_1_RandomActionIntentDefinitionOperatorMutator
120;44;ErrorActivity_0_BinaryMutator
121;44;ErrorActivity_1_BuggyGUIListenerOperatorMutator
122;44;ErrorActivity_2_NullIntentOperatorMutator
123;44;ErrorActivity_3_InvalidKeyIntentOperatorMutator
124;44;ErrorActivity_4_RandomActionIntentDefinitionOperatorMutator
125;44;ErrorActivity_5_NullValueIntentPutExtraOperatorMutator
126;45;ErrorActivity_6_IntentPayloadReplacementOperatorMutator
127;44;ErrorActivity_7_RandomActionIntentDefinitionOperatorMutator
128;44;ErrorActivity_8_NullValueIntentPutExtraOperatorMutator
129;44;ErrorActivity_9_IntentPayloadReplacementOperatorMutator
130;44;ErrorActivity_10_RandomActionIntentDefinitionOperatorMutator
131;44;ErrorActivity_11_RandomActionIntentDefinitionOperatorMutator
132;44;ErrorActivity_12_NullIntentOperatorMutator
133;44;ErrorActivity_13_InvalidKeyIntentOperatorMutator
134;44;ErrorActivity_14_RandomActionIntentDefinitionOperatorMutator
135;44;ErrorActivity_15_NullValueIntentPutExtraOperatorMutator
136;45;ErrorActivity_16_IntentPayloadReplacementOperatorMutator
137;44;ErrorActivity_17_RandomActionIntentDefinitionOperatorMutator
138;44;ErrorActivity_18_NullValueIntentPutExtraOperatorMutator
139;44;ErrorActivity_19_IntentPayloadReplacementOperatorMutator
140;44;ErrorActivity_20_RandomActionIntentDefinitionOperatorMutator
141;44;ErrorActivity_21_RandomActionIntentDefinitionOperatorMutator
142;44;ErrorActivity_22_LengthyGUICreationOperatorMutator
143;44;ErrorActivity_23_FindViewByIdReturnsNullOperatorMutator
144;44;ErrorActivity_24_InvalidIDFindViewOperatorMutator
145;44;ErrorActivity_25_InvalidViewFocusOperatorMutator
146;44;ErrorActivity_26_ViewComponentNotVisibleOperatorMutator
147;44;ErrorActivity_27_RandomActionIntentDefinitionOperatorMutator
148;44;ErrorActivity_28_FindViewByIdReturnsNullOperatorMutator
149;44;ErrorActivity_29_InvalidIDFindViewOperatorMutator
150;44;ErrorActivity_30_InvalidViewFocusOperatorMutator
151;44;ErrorActivity_31_ViewComponentNotVisibleOperatorMutator
152;44;ErrorActivity_32_FindViewByIdReturnsNullOperatorMutator
153;44;ErrorActivity_33_InvalidIDFindViewOperatorMutator
154;44;ErrorActivity_34_InvalidViewFocusOperatorMutator
155;44;ErrorActivity_35_ViewComponentNotVisibleOperatorMutator
156;44;ErrorActivity_36_FindViewByIdReturnsNullOperatorMutator
157;43;ErrorActivity_37_InvalidIDFindViewOperatorMutator
158;44;ErrorActivity_38_InvalidViewFocusOperatorMutator
159;44;ErrorActivity_39_ViewComponentNotVisibleOperatorMutator
160;44;ErrorActivity_40_FindViewByIdReturnsNullOperatorMutator
161;44;ErrorActivity_41_InvalidIDFindViewOperatorMutator
162;44;ErrorActivity_42_InvalidViewFocusOperatorMutator
163;45;ErrorActivity_43_ViewComponentNotVisibleOperatorMutator
164;43;ErrorActivity_44_FindViewByIdReturnsNullOperatorMutator
165;44;ErrorActivity_45_InvalidIDFindViewOperatorMutator
166;43;ErrorActivity_46_InvalidViewFocusOperatorMutator
167;44;ErrorActivity_47_ViewComponentNotVisibleOperatorMutator
168;44;ErrorActivity_48_FindViewByIdReturnsNullOperatorMutator
169;43;ErrorActivity_49_InvalidIDFindViewOperatorMutator
170;44;ErrorActivity_50_InvalidViewFocusOperatorMutator
171;44;ErrorActivity_51_ViewComponentNotVisibleOperatorMutator
172;44;ErrorActivity_52_FindViewByIdReturnsNullOperatorMutator
173;44;ErrorActivity_53_InvalidIDFindViewOperatorMutator
174;44;ErrorActivity_54_InvalidViewFocusOperatorMutator
175;44;ErrorActivity_55_ViewComponentNotVisibleOperatorMutator
176;44;ErrorActivity_56_BuggyGUIListenerOperatorMutator
177;44;ErrorActivity_57_BuggyGUIListenerOperatorMutator
178;44;ErrorActivity_58_BuggyGUIListenerOperatorMutator
179;44;ErrorActivity_59_BuggyGUIListenerOperatorMutator
180;43;ErrorActivity_60_InvalidIDFindViewOperatorMutator
181;44;ErrorActivity_61_InvalidIDFindViewOperatorMutator
182;43;ErrorActivity_62_NullIntentOperatorMutator
183;44;ErrorActivity_63_RandomActionIntentDefinitionOperatorMutator
184;44;ErrorActivity_64_RandomActionIntentDefinitionOperatorMutator
185;44;ErrorActivity_65_NullValueIntentPutExtraOperatorMutator
186;44;ErrorActivity_66_IntentPayloadReplacementOperatorMutator
187;44;ErrorActivity_67_RandomActionIntentDefinitionOperatorMutator
188;44;ErrorActivity_68_RandomActionIntentDefinitionOperatorMutator
189;44;ErrorActivity_69_RandomActionIntentDefinitionOperatorMutator
190;44;ErrorActivity_70_NullIntentOperatorMutator
191;44;ErrorActivity_71_InvalidKeyIntentOperatorMutator
192;44;ErrorActivity_72_RandomActionIntentDefinitionOperatorMutator
193;43;ErrorActivity_73_FindViewByIdReturnsNullOperatorMutator
194;44;ErrorActivity_74_InvalidIDFindViewOperatorMutator
195;44;ErrorActivity_75_InvalidViewFocusOperatorMutator
196;44;ErrorActivity_76_ViewComponentNotVisibleOperatorMutator
197;44;ErrorActivity_77_FindViewByIdReturnsNullOperatorMutator
198;44;ErrorActivity_78_InvalidIDFindViewOperatorMutator
199;44;ErrorActivity_79_InvalidViewFocusOperatorMutator
200;44;ErrorActivity_80_ViewComponentNotVisibleOperatorMutator
201;44;ErrorActivity_81_BinaryMutator
202;44;ErrorActivity_82_FindViewByIdReturnsNullOperatorMutator
203;44;ErrorActivity_83_InvalidIDFindViewOperatorMutator
204;44;ErrorActivity_84_InvalidViewFocusOperatorMutator
205;44;ErrorActivity_85_ViewComponentNotVisibleOperatorMutator
206;44;ProgressHandler_0_BinaryMutator
207;44;ProgressHandler_1_BinaryMutator
208;44;ProgressHandler_2_BinaryMutator
209;46;Utils_0_BinaryMutator
210;44;Utils_1_BinaryMutator
211;44;Utils_2_BinaryMutator
212;44;Utils_3_BuggyGUIListenerOperatorMutator
213;44;Utils_4_InvalidViewFocusOperatorMutator
214;44;Utils_5_ViewComponentNotVisibleOperatorMutator
215;44;Utils_6_InvalidViewFocusOperatorMutator
216;44;Utils_7_ViewComponentNotVisibleOperatorMutator
217;44;Utils_8_InvalidViewFocusOperatorMutator
218;44;Utils_9_ViewComponentNotVisibleOperatorMutator
219;45;Utils_10_BuggyGUIListenerOperatorMutator
220;44;Utils_11_BuggyGUIListenerOperatorMutator
221;44;Utils_12_NullIntentOperatorMutator
222;44;Utils_13_InvalidKeyIntentOperatorMutator
223;44;Utils_14_RandomActionIntentDefinitionOperatorMutator
224;44;Utils_15_RandomActionIntentDefinitionOperatorMutator
225;44;Utils_16_NullIntentOperatorMutator
226;44;Utils_17_InvalidKeyIntentOperatorMutator
227;45;Utils_18_RandomActionIntentDefinitionOperatorMutator
228;44;Utils_19_NullValueIntentPutExtraOperatorMutator
229;44;Utils_20_IntentPayloadReplacementOperatorMutator
230;44;Utils_21_RandomActionIntentDefinitionOperatorMutator
231;44;Utils_22_NullValueIntentPutExtraOperatorMutator
232;44;Utils_23_IntentPayloadReplacementOperatorMutator
233;44;Utils_24_RandomActionIntentDefinitionOperatorMutator
234;44;Utils_25_NullValueIntentPutExtraOperatorMutator
235;44;Utils_26_IntentPayloadReplacementOperatorMutator
236;44;Utils_27_RandomActionIntentDefinitionOperatorMutator
237;44;Utils_28_NullValueIntentPutExtraOperatorMutator
238;44;Utils_29_IntentPayloadReplacementOperatorMutator
239;44;Utils_30_RandomActionIntentDefinitionOperatorMutator
240;44;Utils_31_NullValueIntentPutExtraOperatorMutator
241;44;Utils_32_IntentPayloadReplacementOperatorMutator
242;44;Utils_33_RandomActionIntentDefinitionOperatorMutator
243;44;Utils_34_RandomActionIntentDefinitionOperatorMutator
244;44;Utils_35_NullIntentOperatorMutator
245;44;Utils_36_InvalidKeyIntentOperatorMutator
246;45;Utils_37_RandomActionIntentDefinitionOperatorMutator
247;44;Utils_38_NullValueIntentPutExtraOperatorMutator
248;44;Utils_39_IntentPayloadReplacementOperatorMutator
249;45;Utils_40_RandomActionIntentDefinitionOperatorMutator
250;44;Utils_41_RandomActionIntentDefinitionOperatorMutator
251;44;Utils_42_RandomActionIntentDefinitionOperatorMutator
252;46;MainActivityHelper_0_InvalidViewFocusOperatorMutator
253;45;MainActivityHelper_1_ViewComponentNotVisibleOperatorMutator
254;45;MainActivityHelper_2_InvalidViewFocusOperatorMutator
255;45;MainActivityHelper_3_ViewComponentNotVisibleOperatorMutator
256;45;MainActivityHelper_4_InvalidViewFocusOperatorMutator
257;45;MainActivityHelper_5_ViewComponentNotVisibleOperatorMutator
258;45;MainActivityHelper_6_InvalidViewFocusOperatorMutator
259;45;MainActivityHelper_7_ViewComponentNotVisibleOperatorMutator
260;45;MainActivityHelper_8_NullIntentOperatorMutator
261;45;MainActivityHelper_9_InvalidKeyIntentOperatorMutator
262;45;MainActivityHelper_10_RandomActionIntentDefinitionOperatorMutator
263;45;MainActivityHelper_11_InvalidKeyIntentOperatorMutator
264;45;MainActivityHelper_12_RandomActionIntentDefinitionOperatorMutator
265;44;MainActivityHelper_13_NullValueIntentPutExtraOperatorMutator
266;44;MainActivityHelper_14_IntentPayloadReplacementOperatorMutator
267;45;MainActivityHelper_15_RandomActionIntentDefinitionOperatorMutator
268;45;MainActivityHelper_16_NullIntentOperatorMutator
269;44;MainActivityHelper_17_InvalidKeyIntentOperatorMutator
270;45;MainActivityHelper_18_RandomActionIntentDefinitionOperatorMutator
271;45;MainActivityHelper_19_NullValueIntentPutExtraOperatorMutator
272;45;MainActivityHelper_20_IntentPayloadReplacementOperatorMutator
273;45;MainActivityHelper_21_RandomActionIntentDefinitionOperatorMutator
274;45;MainActivityHelper_22_NullValueIntentPutExtraOperatorMutator
275;45;MainActivityHelper_23_IntentPayloadReplacementOperatorMutator
276;45;MainActivityHelper_24_RandomActionIntentDefinitionOperatorMutator
277;45;MainActivityHelper_25_BinaryMutator
278;45;MainActivityHelper_26_BinaryMutator
279;45;MainActivityHelper_27_BinaryMutator
280;45;MainActivityHelper_28_BinaryMutator
281;45;MainActivityHelper_29_BinaryMutator
282;44;CompressedHelper_0_BinaryMutator
283;45;FileUtils_0_BinaryMutator
284;44;FileUtils_1_BinaryMutator
285;44;FileUtils_2_NullIntentOperatorMutator
286;44;FileUtils_3_InvalidKeyIntentOperatorMutator
287;44;FileUtils_4_RandomActionIntentDefinitionOperatorMutator
288;44;FileUtils_5_RandomActionIntentDefinitionOperatorMutator
289;44;FileUtils_6_RandomActionIntentDefinitionOperatorMutator
290;44;FileUtils_7_RandomActionIntentDefinitionOperatorMutator
291;44;FileUtils_8_RandomActionIntentDefinitionOperatorMutator
292;44;FileUtils_9_NullIntentOperatorMutator
293;44;FileUtils_10_RandomActionIntentDefinitionOperatorMutator
294;44;FileUtils_11_RandomActionIntentDefinitionOperatorMutator
295;44;FileUtils_12_RandomActionIntentDefinitionOperatorMutator
296;44;FileUtils_13_RandomActionIntentDefinitionOperatorMutator
297;44;FileUtils_14_RandomActionIntentDefinitionOperatorMutator
298;44;FileUtils_15_RandomActionIntentDefinitionOperatorMutator
299;44;FileUtils_16_RandomActionIntentDefinitionOperatorMutator
300;44;FileUtils_17_InvalidKeyIntentOperatorMutator
301;44;FileUtils_18_RandomActionIntentDefinitionOperatorMutator
302;44;FileUtils_19_RandomActionIntentDefinitionOperatorMutator
303;44;FileUtils_20_RandomActionIntentDefinitionOperatorMutator
304;44;FileUtils_21_RandomActionIntentDefinitionOperatorMutator
305;44;FileUtils_22_NullValueIntentPutExtraOperatorMutator
306;45;FileUtils_23_IntentPayloadReplacementOperatorMutator
307;44;FileUtils_24_RandomActionIntentDefinitionOperatorMutator
308;44;FileUtils_25_BinaryMutator
309;44;FileUtils_26_BinaryMutator
310;44;FileUtils_27_BinaryMutator
311;44;FileUtils_28_NullIntentOperatorMutator
312;44;FileUtils_29_InvalidKeyIntentOperatorMutator
313;44;FileUtils_30_RandomActionIntentDefinitionOperatorMutator
314;44;FileUtils_31_RandomActionIntentDefinitionOperatorMutator
315;44;FileUtils_32_NullValueIntentPutExtraOperatorMutator
316;45;FileUtils_33_IntentPayloadReplacementOperatorMutator
317;44;FileUtils_34_RandomActionIntentDefinitionOperatorMutator
318;44;FileUtils_35_NullIntentOperatorMutator
319;44;FileUtils_36_InvalidKeyIntentOperatorMutator
320;44;FileUtils_37_RandomActionIntentDefinitionOperatorMutator
321;44;FileUtils_38_RandomActionIntentDefinitionOperatorMutator
322;44;FileUtils_39_InvalidKeyIntentOperatorMutator
323;45;FileUtils_40_RandomActionIntentDefinitionOperatorMutator
324;45;FileUtils_41_RandomActionIntentDefinitionOperatorMutator
325;44;FileUtils_42_BinaryMutator
326;44;FileUtils_43_BinaryMutator
327;44;FileUtils_44_BinaryMutator
328;44;FileUtils_45_BinaryMutator
329;45;FileUtils_46_BinaryMutator
330;44;FileUtils_47_BinaryMutator
331;44;FileUtils_48_NullIntentOperatorMutator
332;44;FileUtils_49_InvalidKeyIntentOperatorMutator
333;44;FileUtils_50_RandomActionIntentDefinitionOperatorMutator
334;44;FileUtils_51_RandomActionIntentDefinitionOperatorMutator
335;44;EncryptDecryptUtils_0_BinaryMutator
336;44;EncryptDecryptUtils_1_NullIntentOperatorMutator
337;44;EncryptDecryptUtils_2_InvalidKeyIntentOperatorMutator
338;44;EncryptDecryptUtils_3_RandomActionIntentDefinitionOperatorMutator
339;44;EncryptDecryptUtils_4_NullValueIntentPutExtraOperatorMutator
340;44;EncryptDecryptUtils_5_IntentPayloadReplacementOperatorMutator
341;44;EncryptDecryptUtils_6_RandomActionIntentDefinitionOperatorMutator
342;44;EncryptDecryptUtils_7_NullValueIntentPutExtraOperatorMutator
343;44;EncryptDecryptUtils_8_IntentPayloadReplacementOperatorMutator
344;44;EncryptDecryptUtils_9_RandomActionIntentDefinitionOperatorMutator
345;44;EncryptDecryptUtils_10_NullValueIntentPutExtraOperatorMutator
346;44;EncryptDecryptUtils_11_IntentPayloadReplacementOperatorMutator
347;45;EncryptDecryptUtils_12_RandomActionIntentDefinitionOperatorMutator
348;44;EncryptDecryptUtils_13_InvalidViewFocusOperatorMutator
349;44;EncryptDecryptUtils_14_ViewComponentNotVisibleOperatorMutator
350;44;EncryptDecryptUtils_15_NullValueIntentPutExtraOperatorMutator
351;44;EncryptDecryptUtils_16_IntentPayloadReplacementOperatorMutator
352;44;EncryptDecryptUtils_17_RandomActionIntentDefinitionOperatorMutator
353;44;Statvfs_0_BinaryMutator
354;44;Statvfs_1_BinaryMutator
355;43;Statvfs_2_BinaryMutator
356;44;CloudUtil_0_BinaryMutator
357;44;CloudUtil_1_InvalidKeyIntentOperatorMutator
358;44;CloudUtil_2_RandomActionIntentDefinitionOperatorMutator
359;44;CloudUtil_3_RandomActionIntentDefinitionOperatorMutator
360;44;Operations_0_BinaryMutator
361;44;Operations_1_BinaryMutator
362;44;FileUtil_0_BinaryMutator
363;44;HybridFileParcelable_0_BinaryMutator
364;44;HybridFileParcelable_1_BinaryMutator
365;45;HybridFileParcelable_2_BinaryMutator
366;45;HybridFileParcelable_3_BinaryMutator
367;45;HybridFileParcelable_4_BinaryMutator
368;44;HybridFileParcelable_5_BinaryMutator
369;45;HybridFileParcelable_6_BinaryMutator
370;44;HybridFileParcelable_7_BinaryMutator
371;45;HybridFileParcelable_8_BinaryMutator
372;45;CustomFileObserver_0_BinaryMutator
373;44;CustomFileObserver_1_BinaryMutator
374;45;HybridFile_0_BinaryMutator
375;45;HybridFile_1_BinaryMutator
376;45;HybridFile_2_BinaryMutator
377;45;HybridFile_3_BinaryMutator
378;45;HybridFile_4_BinaryMutator
379;45;HybridFile_5_BinaryMutator
380;45;HybridFile_6_BinaryMutator
381;45;HybridFile_7_BinaryMutator
382;45;ApkImageModelLoader_0_BinaryMutator
383;44;CompressedObjectParcelable_0_BinaryMutator
384;43;CompressedObjectParcelable_1_BinaryMutator
385;44;CompressedObjectParcelable_2_BinaryMutator
386;44;CompressedObjectParcelable_3_BinaryMutator
387;44;CompressedObjectParcelable_4_BinaryMutator
388;43;CompressedObjectParcelable_5_BinaryMutator
389;43;CompressedObjectParcelable_6_BinaryMutator
390;44;CompressedObjectParcelable_7_BinaryMutator
391;44;CompressedObjectParcelable_8_BinaryMutator
392;45;RecyclerAdapter_0_BinaryMutator
393;45;RecyclerAdapter_1_BinaryMutator
394;45;RecyclerAdapter_2_BinaryMutator
395;45;RecyclerAdapter_3_BinaryMutator
396;45;RecyclerAdapter_4_BinaryMutator
397;45;RecyclerAdapter_5_BuggyGUIListenerOperatorMutator
398;45;RecyclerAdapter_6_BuggyGUIListenerOperatorMutator
399;44;RecyclerAdapter_7_BuggyGUIListenerOperatorMutator
400;45;RecyclerAdapter_8_BuggyGUIListenerOperatorMutator
401;45;RecyclerAdapter_9_BuggyGUIListenerOperatorMutator
402;45;RecyclerAdapter_10_BuggyGUIListenerOperatorMutator
403;46;RecyclerAdapter_11_BuggyGUIListenerOperatorMutator
404;45;RecyclerAdapter_12_InvalidViewFocusOperatorMutator
405;44;RecyclerAdapter_13_ViewComponentNotVisibleOperatorMutator
406;44;RecyclerAdapter_14_InvalidViewFocusOperatorMutator
407;45;RecyclerAdapter_15_ViewComponentNotVisibleOperatorMutator
408;45;RecyclerAdapter_16_InvalidViewFocusOperatorMutator
409;45;RecyclerAdapter_17_ViewComponentNotVisibleOperatorMutator
410;45;CompressedExplorerAdapter_0_BinaryMutator
411;44;CompressedExplorerAdapter_1_InvalidViewFocusOperatorMutator
412;44;CompressedExplorerAdapter_2_ViewComponentNotVisibleOperatorMutator
413;44;CompressedExplorerAdapter_3_BinaryMutator
414;44;CompressedExplorerAdapter_4_BuggyGUIListenerOperatorMutator
415;44;CompressedExplorerAdapter_5_BuggyGUIListenerOperatorMutator
416;44;CompressedExplorerAdapter_6_BinaryMutator
417;45;OperationDataWithName_0_BinaryMutator
418;44;OperationDataWithName_1_BinaryMutator
419;44;SftpEntry_0_BinaryMutator
420;45;SftpEntry_1_BinaryMutator
421;45;SftpEntry_2_BinaryMutator
422;44;SftpEntry_3_BinaryMutator
423;44;OperationData_0_BinaryMutator
424;44;OperationData_1_BinaryMutator
425;44;ShareAdapter_0_InvalidViewFocusOperatorMutator
426;44;ShareAdapter_1_ViewComponentNotVisibleOperatorMutator
427;44;ShareAdapter_2_InvalidViewFocusOperatorMutator
428;43;ShareAdapter_3_ViewComponentNotVisibleOperatorMutator
429;43;ShareAdapter_4_BuggyGUIListenerOperatorMutator
430;44;ColorPickerDialog_0_InvalidViewFocusOperatorMutator
431;44;ColorPickerDialog_1_ViewComponentNotVisibleOperatorMutator
432;44;ColorPickerDialog_2_InvalidViewFocusOperatorMutator
433;43;ColorPickerDialog_3_ViewComponentNotVisibleOperatorMutator
434;44;ColorPickerDialog_4_InvalidViewFocusOperatorMutator
435;43;ColorPickerDialog_5_ViewComponentNotVisibleOperatorMutator
436;44;ColorPickerDialog_6_BuggyGUIListenerOperatorMutator
437;44;ColorPickerDialog_7_InvalidViewFocusOperatorMutator
438;44;ColorPickerDialog_8_ViewComponentNotVisibleOperatorMutator
439;45;RenameBookmark_0_LengthyGUICreationOperatorMutator
440;45;RenameBookmark_1_InvalidViewFocusOperatorMutator
441;44;RenameBookmark_2_ViewComponentNotVisibleOperatorMutator
442;45;RenameBookmark_3_InvalidViewFocusOperatorMutator
443;44;RenameBookmark_4_ViewComponentNotVisibleOperatorMutator
444;44;RenameBookmark_5_InvalidViewFocusOperatorMutator
445;45;RenameBookmark_6_ViewComponentNotVisibleOperatorMutator
446;45;RenameBookmark_7_InvalidViewFocusOperatorMutator
447;44;RenameBookmark_8_ViewComponentNotVisibleOperatorMutator
448;44;RenameBookmark_9_BuggyGUIListenerOperatorMutator
449;45;RenameBookmark_10_BuggyGUIListenerOperatorMutator
450;46;GeneralDialogCreation_0_InvalidViewFocusOperatorMutator
451;44;GeneralDialogCreation_1_ViewComponentNotVisibleOperatorMutator
452;45;GeneralDialogCreation_2_InvalidViewFocusOperatorMutator
453;44;GeneralDialogCreation_3_ViewComponentNotVisibleOperatorMutator
454;45;GeneralDialogCreation_4_InvalidViewFocusOperatorMutator
455;44;GeneralDialogCreation_5_ViewComponentNotVisibleOperatorMutator
456;44;GeneralDialogCreation_6_InvalidViewFocusOperatorMutator
457;45;GeneralDialogCreation_7_ViewComponentNotVisibleOperatorMutator
458;45;GeneralDialogCreation_8_InvalidViewFocusOperatorMutator
459;44;GeneralDialogCreation_9_ViewComponentNotVisibleOperatorMutator
460;44;GeneralDialogCreation_10_InvalidViewFocusOperatorMutator
461;45;GeneralDialogCreation_11_ViewComponentNotVisibleOperatorMutator
462;44;GeneralDialogCreation_12_InvalidViewFocusOperatorMutator
463;45;GeneralDialogCreation_13_ViewComponentNotVisibleOperatorMutator
464;44;GeneralDialogCreation_14_InvalidViewFocusOperatorMutator
465;44;GeneralDialogCreation_15_ViewComponentNotVisibleOperatorMutator
466;44;GeneralDialogCreation_16_InvalidViewFocusOperatorMutator
467;44;GeneralDialogCreation_17_ViewComponentNotVisibleOperatorMutator
468;44;GeneralDialogCreation_18_BinaryMutator
469;45;GeneralDialogCreation_19_InvalidViewFocusOperatorMutator
470;44;GeneralDialogCreation_20_ViewComponentNotVisibleOperatorMutator
471;44;GeneralDialogCreation_21_InvalidViewFocusOperatorMutator
472;45;GeneralDialogCreation_22_ViewComponentNotVisibleOperatorMutator
473;45;GeneralDialogCreation_23_InvalidViewFocusOperatorMutator
474;44;GeneralDialogCreation_24_ViewComponentNotVisibleOperatorMutator
475;44;GeneralDialogCreation_25_InvalidViewFocusOperatorMutator
476;45;GeneralDialogCreation_26_ViewComponentNotVisibleOperatorMutator
477;45;GeneralDialogCreation_27_InvalidViewFocusOperatorMutator
478;44;GeneralDialogCreation_28_ViewComponentNotVisibleOperatorMutator
479;44;GeneralDialogCreation_29_InvalidViewFocusOperatorMutator
480;44;GeneralDialogCreation_30_ViewComponentNotVisibleOperatorMutator
481;44;GeneralDialogCreation_31_BinaryMutator
482;45;GeneralDialogCreation_32_InvalidViewFocusOperatorMutator
483;44;GeneralDialogCreation_33_ViewComponentNotVisibleOperatorMutator
484;44;GeneralDialogCreation_34_InvalidViewFocusOperatorMutator
485;44;GeneralDialogCreation_35_ViewComponentNotVisibleOperatorMutator
486;45;GeneralDialogCreation_36_InvalidViewFocusOperatorMutator
487;45;GeneralDialogCreation_37_ViewComponentNotVisibleOperatorMutator
488;44;GeneralDialogCreation_38_InvalidViewFocusOperatorMutator
489;44;GeneralDialogCreation_39_ViewComponentNotVisibleOperatorMutator
490;44;GeneralDialogCreation_40_InvalidViewFocusOperatorMutator
491;45;GeneralDialogCreation_41_ViewComponentNotVisibleOperatorMutator
492;44;GeneralDialogCreation_42_InvalidViewFocusOperatorMutator
493;44;GeneralDialogCreation_43_ViewComponentNotVisibleOperatorMutator
494;45;GeneralDialogCreation_44_InvalidViewFocusOperatorMutator
495;44;GeneralDialogCreation_45_ViewComponentNotVisibleOperatorMutator
496;44;GeneralDialogCreation_46_InvalidViewFocusOperatorMutator
497;45;GeneralDialogCreation_47_ViewComponentNotVisibleOperatorMutator
498;45;GeneralDialogCreation_48_InvalidViewFocusOperatorMutator
499;44;GeneralDialogCreation_49_ViewComponentNotVisibleOperatorMutator
500;44;GeneralDialogCreation_50_InvalidViewFocusOperatorMutator
501;44;GeneralDialogCreation_51_ViewComponentNotVisibleOperatorMutator
502;44;GeneralDialogCreation_52_InvalidViewFocusOperatorMutator
503;44;GeneralDialogCreation_53_ViewComponentNotVisibleOperatorMutator
504;44;GeneralDialogCreation_54_InvalidViewFocusOperatorMutator
505;44;GeneralDialogCreation_55_ViewComponentNotVisibleOperatorMutator
506;44;GeneralDialogCreation_56_InvalidViewFocusOperatorMutator
507;44;GeneralDialogCreation_57_ViewComponentNotVisibleOperatorMutator
508;45;GeneralDialogCreation_58_BinaryMutator
509;44;GeneralDialogCreation_59_InvalidViewFocusOperatorMutator
510;44;GeneralDialogCreation_60_ViewComponentNotVisibleOperatorMutator
511;44;GeneralDialogCreation_61_InvalidViewFocusOperatorMutator
512;44;GeneralDialogCreation_62_ViewComponentNotVisibleOperatorMutator
513;45;GeneralDialogCreation_63_InvalidViewFocusOperatorMutator
514;44;GeneralDialogCreation_64_ViewComponentNotVisibleOperatorMutator
515;44;GeneralDialogCreation_65_BuggyGUIListenerOperatorMutator
516;44;GeneralDialogCreation_66_InvalidViewFocusOperatorMutator
517;44;GeneralDialogCreation_67_ViewComponentNotVisibleOperatorMutator
518;45;GeneralDialogCreation_68_InvalidViewFocusOperatorMutator
519;44;GeneralDialogCreation_69_ViewComponentNotVisibleOperatorMutator
520;44;GeneralDialogCreation_70_InvalidViewFocusOperatorMutator
521;44;GeneralDialogCreation_71_ViewComponentNotVisibleOperatorMutator
522;45;GeneralDialogCreation_72_InvalidViewFocusOperatorMutator
523;44;GeneralDialogCreation_73_ViewComponentNotVisibleOperatorMutator
524;44;GeneralDialogCreation_74_InvalidViewFocusOperatorMutator
525;44;GeneralDialogCreation_75_ViewComponentNotVisibleOperatorMutator
526;44;GeneralDialogCreation_76_InvalidViewFocusOperatorMutator
527;45;GeneralDialogCreation_77_ViewComponentNotVisibleOperatorMutator
528;44;GeneralDialogCreation_78_InvalidViewFocusOperatorMutator
529;44;GeneralDialogCreation_79_ViewComponentNotVisibleOperatorMutator
530;44;GeneralDialogCreation_80_InvalidViewFocusOperatorMutator
531;44;GeneralDialogCreation_81_ViewComponentNotVisibleOperatorMutator
532;44;GeneralDialogCreation_82_InvalidViewFocusOperatorMutator
533;45;GeneralDialogCreation_83_ViewComponentNotVisibleOperatorMutator
534;45;GeneralDialogCreation_84_InvalidViewFocusOperatorMutator
535;45;GeneralDialogCreation_85_ViewComponentNotVisibleOperatorMutator
536;44;GeneralDialogCreation_86_InvalidViewFocusOperatorMutator
537;44;GeneralDialogCreation_87_ViewComponentNotVisibleOperatorMutator
538;45;GeneralDialogCreation_88_InvalidViewFocusOperatorMutator
539;45;GeneralDialogCreation_89_ViewComponentNotVisibleOperatorMutator
540;45;GeneralDialogCreation_90_InvalidViewFocusOperatorMutator
541;44;GeneralDialogCreation_91_ViewComponentNotVisibleOperatorMutator
542;44;GeneralDialogCreation_92_InvalidViewFocusOperatorMutator
543;44;GeneralDialogCreation_93_ViewComponentNotVisibleOperatorMutator
544;44;GeneralDialogCreation_94_BuggyGUIListenerOperatorMutator
545;45;GeneralDialogCreation_95_BuggyGUIListenerOperatorMutator
546;45;SmbConnectDialog_0_LengthyGUICreationOperatorMutator
547;44;SmbConnectDialog_1_BuggyGUIListenerOperatorMutator
548;45;SmbConnectDialog_2_BuggyGUIListenerOperatorMutator
549;44;SmbConnectDialog_3_BinaryMutator
550;45;SmbConnectDialog_4_BinaryMutator
551;45;TextEditorActivity_0_LengthyGUICreationOperatorMutator
552;45;TextEditorActivity_1_FindViewByIdReturnsNullOperatorMutator
553;44;TextEditorActivity_2_InvalidIDFindViewOperatorMutator
554;45;TextEditorActivity_3_InvalidViewFocusOperatorMutator
555;44;TextEditorActivity_4_ViewComponentNotVisibleOperatorMutator
556;44;TextEditorActivity_5_FindViewByIdReturnsNullOperatorMutator
557;44;TextEditorActivity_6_InvalidIDFindViewOperatorMutator
558;44;TextEditorActivity_7_InvalidViewFocusOperatorMutator
559;44;TextEditorActivity_8_ViewComponentNotVisibleOperatorMutator
560;44;TextEditorActivity_9_InvalidViewFocusOperatorMutator
561;44;TextEditorActivity_10_ViewComponentNotVisibleOperatorMutator
562;44;TextEditorActivity_11_InvalidViewFocusOperatorMutator
563;44;TextEditorActivity_12_ViewComponentNotVisibleOperatorMutator
564;44;TextEditorActivity_13_InvalidViewFocusOperatorMutator
565;44;TextEditorActivity_14_ViewComponentNotVisibleOperatorMutator
566;44;TextEditorActivity_15_FindViewByIdReturnsNullOperatorMutator
567;44;TextEditorActivity_16_InvalidIDFindViewOperatorMutator
568;44;TextEditorActivity_17_InvalidViewFocusOperatorMutator
569;44;TextEditorActivity_18_ViewComponentNotVisibleOperatorMutator
570;44;TextEditorActivity_19_FindViewByIdReturnsNullOperatorMutator
571;44;TextEditorActivity_20_InvalidIDFindViewOperatorMutator
572;44;TextEditorActivity_21_InvalidViewFocusOperatorMutator
573;45;TextEditorActivity_22_ViewComponentNotVisibleOperatorMutator
574;44;TextEditorActivity_23_InvalidIDFindViewOperatorMutator
575;44;TextEditorActivity_24_BinaryMutator
576;45;TextEditorActivity_25_BinaryMutator
577;44;TextEditorActivity_26_BinaryMutator
578;44;TextEditorActivity_27_BinaryMutator
579;44;TextEditorActivity_28_BinaryMutator
580;44;TextEditorActivity_29_BinaryMutator
581;45;PermissionsActivity_0_BuggyGUIListenerOperatorMutator
582;45;PermissionsActivity_1_BuggyGUIListenerOperatorMutator
583;45;PermissionsActivity_2_BuggyGUIListenerOperatorMutator
584;45;PermissionsActivity_3_BuggyGUIListenerOperatorMutator
585;45;PermissionsActivity_4_InvalidIDFindViewOperatorMutator
586;45;PermissionsActivity_5_BuggyGUIListenerOperatorMutator
587;45;PermissionsActivity_6_InvalidIDFindViewOperatorMutator
588;45;PermissionsActivity_7_BuggyGUIListenerOperatorMutator
589;45;PermissionsActivity_8_BuggyGUIListenerOperatorMutator
590;45;PermissionsActivity_9_BuggyGUIListenerOperatorMutator
591;45;PermissionsActivity_10_RandomActionIntentDefinitionOperatorMutator
592;45;PermissionsActivity_11_RandomActionIntentDefinitionOperatorMutator
593;45;ThemedActivity_0_LengthyGUICreationOperatorMutator
594;45;ThemedActivity_1_FindViewByIdReturnsNullOperatorMutator
595;46;ThemedActivity_2_InvalidIDFindViewOperatorMutator
596;45;ThemedActivity_3_FindViewByIdReturnsNullOperatorMutator
597;45;ThemedActivity_4_InvalidIDFindViewOperatorMutator
598;45;ThemedActivity_5_FindViewByIdReturnsNullOperatorMutator
599;45;ThemedActivity_6_InvalidIDFindViewOperatorMutator
600;45;ThemedActivity_7_RandomActionIntentDefinitionOperatorMutator
601;45;PreferenceActivity_0_LengthyGUICreationOperatorMutator
602;45;AboutActivity_0_LengthyGUICreationOperatorMutator
603;44;AboutActivity_1_FindViewByIdReturnsNullOperatorMutator
604;45;AboutActivity_2_InvalidIDFindViewOperatorMutator
605;44;AboutActivity_3_InvalidViewFocusOperatorMutator
606;44;AboutActivity_4_ViewComponentNotVisibleOperatorMutator
607;44;AboutActivity_5_FindViewByIdReturnsNullOperatorMutator
608;44;AboutActivity_6_InvalidIDFindViewOperatorMutator
609;45;AboutActivity_7_InvalidViewFocusOperatorMutator
610;44;AboutActivity_8_ViewComponentNotVisibleOperatorMutator
611;44;AboutActivity_9_FindViewByIdReturnsNullOperatorMutator
612;44;AboutActivity_10_InvalidIDFindViewOperatorMutator
613;44;AboutActivity_11_InvalidViewFocusOperatorMutator
614;44;AboutActivity_12_ViewComponentNotVisibleOperatorMutator
615;44;AboutActivity_13_FindViewByIdReturnsNullOperatorMutator
616;45;AboutActivity_14_InvalidIDFindViewOperatorMutator
617;44;AboutActivity_15_InvalidViewFocusOperatorMutator
618;44;AboutActivity_16_ViewComponentNotVisibleOperatorMutator
619;44;AboutActivity_17_FindViewByIdReturnsNullOperatorMutator
620;44;AboutActivity_18_InvalidIDFindViewOperatorMutator
621;44;AboutActivity_19_InvalidViewFocusOperatorMutator
622;44;AboutActivity_20_ViewComponentNotVisibleOperatorMutator
623;44;AboutActivity_21_FindViewByIdReturnsNullOperatorMutator
624;44;AboutActivity_22_InvalidIDFindViewOperatorMutator
625;44;AboutActivity_23_InvalidViewFocusOperatorMutator
626;44;AboutActivity_24_ViewComponentNotVisibleOperatorMutator
627;44;AboutActivity_25_BinaryMutator
628;45;AboutActivity_26_BinaryMutator
629;44;AboutActivity_27_BinaryMutator
630;44;DatabaseViewerActivity_0_LengthyGUICreationOperatorMutator
631;44;DatabaseViewerActivity_1_FindViewByIdReturnsNullOperatorMutator
632;44;DatabaseViewerActivity_2_InvalidIDFindViewOperatorMutator
633;44;DatabaseViewerActivity_3_InvalidViewFocusOperatorMutator
634;44;DatabaseViewerActivity_4_ViewComponentNotVisibleOperatorMutator
635;44;DatabaseViewerActivity_5_FindViewByIdReturnsNullOperatorMutator
636;44;DatabaseViewerActivity_6_InvalidIDFindViewOperatorMutator
637;44;DatabaseViewerActivity_7_InvalidViewFocusOperatorMutator
638;44;DatabaseViewerActivity_8_ViewComponentNotVisibleOperatorMutator
639;44;DatabaseViewerActivity_9_InvalidIDFindViewOperatorMutator
640;46;MimeTypes_0_BinaryMutator
641;45;CloudSheetFragment_0_LengthyGUICreationOperatorMutator
642;45;CloudSheetFragment_1_InvalidViewFocusOperatorMutator
643;45;CloudSheetFragment_2_ViewComponentNotVisibleOperatorMutator
644;45;CloudSheetFragment_3_InvalidViewFocusOperatorMutator
645;45;CloudSheetFragment_4_ViewComponentNotVisibleOperatorMutator
646;45;CloudSheetFragment_5_InvalidViewFocusOperatorMutator
647;45;CloudSheetFragment_6_ViewComponentNotVisibleOperatorMutator
648;45;CloudSheetFragment_7_InvalidViewFocusOperatorMutator
649;45;CloudSheetFragment_8_ViewComponentNotVisibleOperatorMutator
650;45;CloudSheetFragment_9_InvalidViewFocusOperatorMutator
651;45;CloudSheetFragment_10_ViewComponentNotVisibleOperatorMutator
652;45;CloudSheetFragment_11_InvalidViewFocusOperatorMutator
653;45;CloudSheetFragment_12_ViewComponentNotVisibleOperatorMutator
654;45;CloudSheetFragment_13_InvalidViewFocusOperatorMutator
655;45;CloudSheetFragment_14_ViewComponentNotVisibleOperatorMutator
656;44;CloudSheetFragment_15_InvalidViewFocusOperatorMutator
657;45;CloudSheetFragment_16_ViewComponentNotVisibleOperatorMutator
658;45;CloudSheetFragment_17_NullIntentOperatorMutator
659;45;CloudSheetFragment_18_InvalidKeyIntentOperatorMutator
660;45;CloudSheetFragment_19_RandomActionIntentDefinitionOperatorMutator
661;45;CloudSheetFragment_20_RandomActionIntentDefinitionOperatorMutator
662;45;CloudSheetFragment_21_RandomActionIntentDefinitionOperatorMutator
663;45;TabFragment_0_InvalidViewFocusOperatorMutator
664;46;TabFragment_1_ViewComponentNotVisibleOperatorMutator
665;45;TabFragment_2_InvalidViewFocusOperatorMutator
666;45;TabFragment_3_ViewComponentNotVisibleOperatorMutator
667;45;TabFragment_4_InvalidViewFocusOperatorMutator
668;45;TabFragment_5_ViewComponentNotVisibleOperatorMutator
669;45;TabFragment_6_InvalidViewFocusOperatorMutator
670;45;TabFragment_7_ViewComponentNotVisibleOperatorMutator
671;45;TabFragment_8_InvalidViewFocusOperatorMutator
672;45;TabFragment_9_ViewComponentNotVisibleOperatorMutator
673;46;TabFragment_10_BinaryMutator
674;45;TabFragment_11_BinaryMutator
675;45;TabFragment_12_InvalidViewFocusOperatorMutator
676;46;TabFragment_13_ViewComponentNotVisibleOperatorMutator
677;45;TabFragment_14_InvalidViewFocusOperatorMutator
678;45;TabFragment_15_ViewComponentNotVisibleOperatorMutator
679;45;TabFragment_16_InvalidViewFocusOperatorMutator
680;45;TabFragment_17_ViewComponentNotVisibleOperatorMutator
681;45;AppsListFragment_0_LengthyGUICreationOperatorMutator
682;44;AppsListFragment_1_InvalidViewFocusOperatorMutator
683;44;AppsListFragment_2_ViewComponentNotVisibleOperatorMutator
684;44;AppsListFragment_3_BinaryMutator
685;44;AppsListFragment_4_BinaryMutator
686;44;AppsListFragment_5_BinaryMutator
687;44;AppsListFragment_6_BinaryMutator
688;45;MainFragment_0_LengthyGUICreationOperatorMutator
689;45;MainFragment_1_InvalidViewFocusOperatorMutator
690;45;MainFragment_2_ViewComponentNotVisibleOperatorMutator
691;45;MainFragment_3_InvalidViewFocusOperatorMutator
692;45;MainFragment_4_ViewComponentNotVisibleOperatorMutator
693;45;MainFragment_5_InvalidViewFocusOperatorMutator
694;45;MainFragment_6_ViewComponentNotVisibleOperatorMutator
695;45;MainFragment_7_NullIntentOperatorMutator
696;45;MainFragment_8_RandomActionIntentDefinitionOperatorMutator
697;45;MainFragment_9_RandomActionIntentDefinitionOperatorMutator
698;45;MainFragment_10_RandomActionIntentDefinitionOperatorMutator
699;45;MainFragment_11_RandomActionIntentDefinitionOperatorMutator
700;45;MainFragment_12_NullValueIntentPutExtraOperatorMutator
701;45;MainFragment_13_IntentPayloadReplacementOperatorMutator
702;45;MainFragment_14_RandomActionIntentDefinitionOperatorMutator
703;46;MainFragment_15_RandomActionIntentDefinitionOperatorMutator
704;45;MainFragment_16_RandomActionIntentDefinitionOperatorMutator
705;45;MainFragment_17_RandomActionIntentDefinitionOperatorMutator
706;45;MainFragment_18_RandomActionIntentDefinitionOperatorMutator
707;45;MainFragment_19_BuggyGUIListenerOperatorMutator
708;45;MainFragment_20_InvalidViewFocusOperatorMutator
709;45;MainFragment_21_ViewComponentNotVisibleOperatorMutator
710;45;MainFragment_22_BinaryMutator
711;45;MainFragment_23_BinaryMutator
712;45;MainFragment_24_RandomActionIntentDefinitionOperatorMutator
713;45;MainFragment_25_InvalidViewFocusOperatorMutator
714;45;MainFragment_26_ViewComponentNotVisibleOperatorMutator
715;45;MainFragment_27_InvalidViewFocusOperatorMutator
716;45;MainFragment_28_ViewComponentNotVisibleOperatorMutator
717;45;MainFragment_29_RandomActionIntentDefinitionOperatorMutator
718;45;MainFragment_30_BinaryMutator
719;45;MainFragment_31_BinaryMutator
720;45;MainFragment_32_BinaryMutator
721;45;MainFragment_33_NullIntentOperatorMutator
722;45;MainFragment_34_InvalidKeyIntentOperatorMutator
723;45;MainFragment_35_RandomActionIntentDefinitionOperatorMutator
724;45;MainFragment_36_NullValueIntentPutExtraOperatorMutator
725;45;MainFragment_37_IntentPayloadReplacementOperatorMutator
726;45;MainFragment_38_RandomActionIntentDefinitionOperatorMutator
727;45;MainFragment_39_RandomActionIntentDefinitionOperatorMutator
728;45;MainFragment_40_RandomActionIntentDefinitionOperatorMutator
729;45;MainFragment_41_BinaryMutator
730;45;MainFragment_42_BinaryMutator
731;45;MainFragment_43_BinaryMutator
732;45;MainFragment_44_BinaryMutator
733;45;MainFragment_45_BinaryMutator
734;45;DbViewerFragment_0_InvalidViewFocusOperatorMutator
735;44;DbViewerFragment_1_ViewComponentNotVisibleOperatorMutator
736;44;DbViewerFragment_2_InvalidViewFocusOperatorMutator
737;44;DbViewerFragment_3_ViewComponentNotVisibleOperatorMutator
738;44;DbViewerFragment_4_InvalidViewFocusOperatorMutator
739;44;DbViewerFragment_5_ViewComponentNotVisibleOperatorMutator
740;44;ProcessViewerFragment_0_NullIntentOperatorMutator
741;44;ProcessViewerFragment_1_InvalidKeyIntentOperatorMutator
742;44;ProcessViewerFragment_2_RandomActionIntentDefinitionOperatorMutator
743;45;ProcessViewerFragment_3_NullIntentOperatorMutator
744;44;ProcessViewerFragment_4_InvalidKeyIntentOperatorMutator
745;44;ProcessViewerFragment_5_RandomActionIntentDefinitionOperatorMutator
746;44;ProcessViewerFragment_6_NullIntentOperatorMutator
747;44;ProcessViewerFragment_7_InvalidKeyIntentOperatorMutator
748;45;ProcessViewerFragment_8_RandomActionIntentDefinitionOperatorMutator
749;44;ProcessViewerFragment_9_NullIntentOperatorMutator
750;44;ProcessViewerFragment_10_InvalidKeyIntentOperatorMutator
751;44;ProcessViewerFragment_11_RandomActionIntentDefinitionOperatorMutator
752;44;ProcessViewerFragment_12_NullIntentOperatorMutator
753;45;ProcessViewerFragment_13_InvalidKeyIntentOperatorMutator
754;44;ProcessViewerFragment_14_RandomActionIntentDefinitionOperatorMutator
755;44;ProcessViewerFragment_15_BuggyGUIListenerOperatorMutator
756;45;FtpNotification_0_NullIntentOperatorMutator
757;44;FtpNotification_1_InvalidKeyIntentOperatorMutator
758;44;FtpNotification_2_RandomActionIntentDefinitionOperatorMutator
759;44;FtpNotification_3_RandomActionIntentDefinitionOperatorMutator
760;44;FtpNotification_4_RandomActionIntentDefinitionOperatorMutator
761;45;BottomBar_0_InvalidViewFocusOperatorMutator
762;45;BottomBar_1_ViewComponentNotVisibleOperatorMutator
763;45;BottomBar_2_InvalidViewFocusOperatorMutator
764;46;BottomBar_3_ViewComponentNotVisibleOperatorMutator
765;44;BottomBar_4_InvalidViewFocusOperatorMutator
766;44;BottomBar_5_ViewComponentNotVisibleOperatorMutator
767;45;BottomBar_6_InvalidViewFocusOperatorMutator
768;46;BottomBar_7_ViewComponentNotVisibleOperatorMutator
769;45;BottomBar_8_InvalidViewFocusOperatorMutator
770;45;BottomBar_9_ViewComponentNotVisibleOperatorMutator
771;45;BottomBar_10_InvalidViewFocusOperatorMutator
772;45;BottomBar_11_ViewComponentNotVisibleOperatorMutator
773;45;BottomBar_12_InvalidViewFocusOperatorMutator
774;45;BottomBar_13_ViewComponentNotVisibleOperatorMutator
775;45;BottomBar_14_InvalidViewFocusOperatorMutator
776;45;BottomBar_15_ViewComponentNotVisibleOperatorMutator
777;45;BottomBar_16_BuggyGUIListenerOperatorMutator
778;45;BottomBar_17_BuggyGUIListenerOperatorMutator
779;45;BottomBar_18_BuggyGUIListenerOperatorMutator
780;45;BottomBar_19_BinaryMutator
781;45;AppBar_0_InvalidViewFocusOperatorMutator
782;45;AppBar_1_ViewComponentNotVisibleOperatorMutator
783;45;AppBar_2_InvalidViewFocusOperatorMutator
784;45;AppBar_3_ViewComponentNotVisibleOperatorMutator
785;45;SearchView_0_InvalidViewFocusOperatorMutator
786;45;SearchView_1_ViewComponentNotVisibleOperatorMutator
787;45;SearchView_2_InvalidViewFocusOperatorMutator
788;45;SearchView_3_ViewComponentNotVisibleOperatorMutator
789;45;SearchView_4_InvalidViewFocusOperatorMutator
790;45;SearchView_5_ViewComponentNotVisibleOperatorMutator
791;45;SearchView_6_InvalidViewFocusOperatorMutator
792;45;SearchView_7_ViewComponentNotVisibleOperatorMutator
793;45;SearchView_8_InvalidViewFocusOperatorMutator
794;45;SearchView_9_ViewComponentNotVisibleOperatorMutator
795;45;SearchView_10_InvalidViewFocusOperatorMutator
796;45;SearchView_11_ViewComponentNotVisibleOperatorMutator
797;45;SearchView_12_InvalidViewFocusOperatorMutator
798;45;SearchView_13_ViewComponentNotVisibleOperatorMutator
799;45;SearchView_14_InvalidViewFocusOperatorMutator
800;45;SearchView_15_ViewComponentNotVisibleOperatorMutator
801;45;SearchView_16_InvalidViewFocusOperatorMutator
802;45;SearchView_17_ViewComponentNotVisibleOperatorMutator
803;46;SearchView_18_InvalidViewFocusOperatorMutator
804;45;SearchView_19_ViewComponentNotVisibleOperatorMutator
805;44;SearchView_20_InvalidViewFocusOperatorMutator
806;45;SearchView_21_ViewComponentNotVisibleOperatorMutator
807;45;SearchView_22_BuggyGUIListenerOperatorMutator
808;45;SearchView_23_BuggyGUIListenerOperatorMutator
809;45;SearchView_24_BuggyGUIListenerOperatorMutator
810;45;SearchView_25_BuggyGUIListenerOperatorMutator
811;45;SearchView_26_InvalidViewFocusOperatorMutator
812;45;SearchView_27_ViewComponentNotVisibleOperatorMutator
813;45;SearchView_28_BinaryMutator
814;45;SearchView_29_BinaryMutator
815;45;SearchView_30_BuggyGUIListenerOperatorMutator
816;45;SearchView_31_InvalidViewFocusOperatorMutator
817;45;SearchView_32_ViewComponentNotVisibleOperatorMutator
818;45;SearchView_33_BinaryMutator
819;45;SearchView_34_BinaryMutator
820;45;SearchView_35_BinaryMutator
821;45;SearchView_36_BinaryMutator
822;45;CircularColorsView_0_BinaryMutator
823;44;CircularColorsView_1_BinaryMutator
824;44;CircularColorsView_2_BinaryMutator
825;45;CircularColorsView_3_BinaryMutator
826;44;CircularColorsView_4_BinaryMutator
827;45;CircularColorsView_5_BinaryMutator
828;44;CircularColorsView_6_BinaryMutator
829;44;CircularColorsView_7_BinaryMutator
830;44;CircularColorsView_8_BinaryMutator
831;45;CircularColorsView_9_BinaryMutator
832;44;CircularColorsView_10_BinaryMutator
833;45;CircularColorsView_11_BinaryMutator
834;44;CircularColorsView_12_BinaryMutator
835;44;CircularColorsView_13_BinaryMutator
836;44;CircularColorsView_14_BinaryMutator
837;44;CircularColorsView_15_BinaryMutator
838;44;CircularColorsView_16_BinaryMutator
839;44;CircularColorsView_17_BinaryMutator
840;44;CircularColorsView_18_BinaryMutator
841;44;CircularColorsView_19_BinaryMutator
842;44;CircularColorsView_20_BinaryMutator
843;44;CircleGradientDrawable_0_BinaryMutator
844;45;DividerItemDecoration_0_BinaryMutator
845;44;DividerItemDecoration_1_BinaryMutator
846;44;DividerItemDecoration_2_BinaryMutator
847;44;DividerItemDecoration_3_BinaryMutator
848;44;DividerItemDecoration_4_BinaryMutator
849;44;DividerItemDecoration_5_BinaryMutator
850;45;DividerItemDecoration_6_BinaryMutator
851;44;DividerItemDecoration_7_BinaryMutator
852;44;DividerItemDecoration_8_BinaryMutator
853;44;CustomZoomFocusChange_0_BinaryMutator
854;44;CustomZoomFocusChange_1_BinaryMutator
855;44;CustomZoomFocusChange_2_BinaryMutator
856;44;CustomZoomFocusChange_3_BinaryMutator
857;44;CheckableCircleView_0_BinaryMutator
858;45;CheckableCircleView_1_BinaryMutator
859;44;CheckableCircleView_2_BinaryMutator
860;44;CheckableCircleView_3_BinaryMutator
861;44;CheckableCircleView_4_BinaryMutator
862;44;CheckableCircleView_5_BinaryMutator
863;45;FastScroller_0_BinaryMutator
864;44;FastScroller_1_BinaryMutator
865;44;FastScroller_2_BinaryMutator
866;44;FastScroller_3_BinaryMutator
867;44;FastScroller_4_BinaryMutator
868;45;FastScroller_5_BinaryMutator
869;45;FastScroller_6_BinaryMutator
870;45;FastScroller_7_BinaryMutator
871;44;FastScroller_8_BinaryMutator
872;44;FastScroller_9_FindViewByIdReturnsNullOperatorMutator
873;45;FastScroller_10_InvalidIDFindViewOperatorMutator
874;44;FastScroller_11_InvalidViewFocusOperatorMutator
875;44;FastScroller_12_ViewComponentNotVisibleOperatorMutator
876;44;FastScroller_13_FindViewByIdReturnsNullOperatorMutator
877;45;FastScroller_14_InvalidIDFindViewOperatorMutator
878;44;FastScroller_15_InvalidViewFocusOperatorMutator
879;44;FastScroller_16_ViewComponentNotVisibleOperatorMutator
880;45;FastScroller_17_BinaryMutator
881;44;FastScroller_18_BinaryMutator
882;44;FastScroller_19_BinaryMutator
883;44;FastScroller_20_BinaryMutator
884;44;FastScroller_21_BinaryMutator
885;45;FastScroller_22_BinaryMutator
886;45;FastScroller_23_BinaryMutator
887;44;FastScroller_24_BinaryMutator
888;44;FastScroller_25_BinaryMutator
889;44;FastScroller_26_BinaryMutator
890;44;FastScroller_27_BinaryMutator
891;45;FastScroller_28_BinaryMutator
892;45;CustomLinearSmoothScroller_0_BinaryMutator
893;44;CustomLinearSmoothScroller_1_BinaryMutator
894;44;CustomLinearSmoothScroller_2_BinaryMutator
895;44;CustomLinearSmoothScroller_3_BinaryMutator
896;45;CustomLinearSmoothScroller_4_BinaryMutator
897;44;CustomLinearSmoothScroller_5_BinaryMutator
898;44;CustomLinearSmoothScroller_6_BinaryMutator
899;44;CustomLinearSmoothScroller_7_BinaryMutator
900;44;CustomLinearSmoothScroller_8_BinaryMutator
901;44;CustomLinearSmoothScroller_9_BinaryMutator
902;44;CustomLinearSmoothScroller_10_BinaryMutator
903;44;CustomLinearSmoothScroller_11_BinaryMutator
904;44;CustomLinearSmoothScroller_12_BinaryMutator
905;44;CustomLinearSmoothScroller_13_BinaryMutator
906;45;CustomLinearSmoothScroller_14_BinaryMutator
907;44;CustomLinearSmoothScroller_15_BinaryMutator
908;44;CustomLinearSmoothScroller_16_BinaryMutator
909;44;CustomLinearSmoothScroller_17_BinaryMutator
910;44;CustomLinearSmoothScroller_18_BinaryMutator
911;44;CustomLinearSmoothScroller_19_BinaryMutator
912;45;CustomLinearSmoothScroller_20_BinaryMutator
913;44;CustomLinearSmoothScroller_21_BinaryMutator
914;44;CustomLinearSmoothScroller_22_BinaryMutator
915;44;CustomLinearSmoothScroller_23_BinaryMutator
916;45;Indicator_0_BinaryMutator
917;44;Indicator_1_BinaryMutator
918;44;Indicator_2_BinaryMutator
919;44;Indicator_3_BinaryMutator
920;44;Indicator_4_BinaryMutator
921;45;Indicator_5_BinaryMutator
922;45;Indicator_6_BinaryMutator
923;44;Indicator_7_BinaryMutator
924;44;Indicator_8_BinaryMutator
925;44;Indicator_9_BinaryMutator
926;44;Indicator_10_BinaryMutator
927;44;Indicator_11_BinaryMutator
928;44;Indicator_12_BinaryMutator
929;45;Indicator_13_BinaryMutator
930;44;Indicator_14_BinaryMutator
931;44;Indicator_15_BinaryMutator
932;44;Indicator_16_BinaryMutator
933;45;Indicator_17_BinaryMutator
934;45;Indicator_18_BinaryMutator
935;45;Indicator_19_BinaryMutator
936;45;Indicator_20_BinaryMutator
937;45;Indicator_21_BinaryMutator
938;45;Indicator_22_BinaryMutator
939;45;Indicator_23_BinaryMutator
940;44;Indicator_24_BinaryMutator
941;44;Indicator_25_BinaryMutator
942;44;Indicator_26_BinaryMutator
943;45;Indicator_27_BinaryMutator
944;45;Indicator_28_BinaryMutator
945;45;Indicator_29_BinaryMutator
946;45;Indicator_30_BinaryMutator
947;44;Indicator_31_BinaryMutator
948;44;Indicator_32_BinaryMutator
949;44;Indicator_33_BinaryMutator
950;45;Indicator_34_BinaryMutator
951;44;Indicator_35_BinaryMutator
952;44;Indicator_36_BinaryMutator
953;44;Indicator_37_BinaryMutator
954;44;Indicator_38_BinaryMutator
955;44;Indicator_39_BinaryMutator
956;44;Indicator_40_BinaryMutator
957;44;Indicator_41_BinaryMutator
958;44;Indicator_42_BinaryMutator
959;44;Indicator_43_BinaryMutator
960;44;Indicator_44_BinaryMutator
961;44;Indicator_45_BinaryMutator
962;45;Indicator_46_BinaryMutator
963;44;Indicator_47_BinaryMutator
964;45;Indicator_48_BinaryMutator
965;44;Indicator_49_BinaryMutator
966;45;Indicator_50_BinaryMutator
967;44;Indicator_51_BinaryMutator
968;44;Indicator_52_BinaryMutator
969;45;Indicator_53_BinaryMutator
970;44;Indicator_54_BinaryMutator
971;44;Indicator_55_BinaryMutator
972;44;Indicator_56_BinaryMutator
973;44;Indicator_57_BinaryMutator
974;44;Indicator_58_BinaryMutator
975;44;Indicator_59_BinaryMutator
976;44;Indicator_60_BinaryMutator
977;45;Indicator_61_BinaryMutator
978;44;Indicator_62_BinaryMutator
979;45;Indicator_63_BinaryMutator
980;44;Indicator_64_BinaryMutator
981;44;Indicator_65_BinaryMutator
982;45;Indicator_66_BinaryMutator
983;45;Indicator_67_BinaryMutator
984;44;Indicator_68_BinaryMutator
985;44;Indicator_69_BinaryMutator
986;44;Indicator_70_BinaryMutator
987;44;Indicator_71_BinaryMutator
988;44;Indicator_72_BinaryMutator
989;45;Indicator_73_BinaryMutator
990;44;Indicator_74_BinaryMutator
991;44;Indicator_75_BinaryMutator
992;44;Indicator_76_BinaryMutator
993;44;Indicator_77_BinaryMutator
994;45;Indicator_78_BinaryMutator
995;44;Indicator_79_BinaryMutator
996;44;Indicator_80_BinaryMutator
997;44;Indicator_81_BinaryMutator
998;44;Indicator_82_BinaryMutator
999;45;Indicator_83_BinaryMutator
1000;44;Indicator_84_BinaryMutator
1001;44;Indicator_85_BinaryMutator
1002;45;Indicator_86_BinaryMutator
1003;44;Indicator_87_BinaryMutator
1004;45;Indicator_88_BinaryMutator
1005;44;Indicator_89_BinaryMutator
1006;45;Indicator_90_BinaryMutator
1007;44;Indicator_91_BinaryMutator
1008;44;Indicator_92_BinaryMutator
1009;44;Indicator_93_BinaryMutator
1010;44;Indicator_94_BinaryMutator
1011;45;Indicator_95_BinaryMutator
1012;45;Indicator_96_BinaryMutator
1013;45;Indicator_97_BinaryMutator
1014;44;Indicator_98_BinaryMutator
1015;44;Indicator_99_BinaryMutator
1016;44;Indicator_100_BinaryMutator
1017;44;Indicator_101_BinaryMutator
1018;44;Indicator_102_BinaryMutator
1019;45;Indicator_103_BinaryMutator
1020;45;Indicator_104_BinaryMutator
1021;44;Indicator_105_BinaryMutator
1022;44;Indicator_106_BinaryMutator
1023;45;Indicator_107_BinaryMutator
1024;44;Indicator_108_BinaryMutator
1025;44;Indicator_109_BinaryMutator
1026;44;ScrimInsetsRelativeLayout_0_BinaryMutator
1027;44;ScrimInsetsRelativeLayout_1_BinaryMutator
1028;44;ScrimInsetsRelativeLayout_2_BinaryMutator
1029;44;ScrimInsetsRelativeLayout_3_BinaryMutator
1030;45;ColorCircleDrawable_0_BinaryMutator
1031;45;ItemPopupMenu_0_NullIntentOperatorMutator
1032;44;ItemPopupMenu_1_InvalidKeyIntentOperatorMutator
1033;45;ItemPopupMenu_2_RandomActionIntentDefinitionOperatorMutator
1034;44;ItemPopupMenu_3_NullValueIntentPutExtraOperatorMutator
1035;45;ItemPopupMenu_4_IntentPayloadReplacementOperatorMutator
1036;44;ItemPopupMenu_5_RandomActionIntentDefinitionOperatorMutator
1037;44;ItemPopupMenu_6_NullValueIntentPutExtraOperatorMutator
1038;45;ItemPopupMenu_7_IntentPayloadReplacementOperatorMutator
1039;44;ItemPopupMenu_8_RandomActionIntentDefinitionOperatorMutator
1040;356;GlideApplication_0_LengthyGUICreationOperatorMutator
1041;356;AppConfig_0_LengthyGUICreationOperatorMutator
